 [{
  "name": "北京",
  "city": [{
           "name": "朝阳区",
           "area": ["三环以内", "三环到四环之间", "四环到五环之间", "五环到六环之间", "管庄", "北苑", "定福庄"]
           }, {
           "name": "海淀区",
           "area": ["三环以内", "三环到四环之间", "四环到五环之间", "五环到六环之间", "六环以外", "西三旗", "西二旗"]
           }, {
           "name": "西城区",
           "area": ["内环到二环里", "二环到三环"]
           }, {
           "name": "东城区",
           "area": ["内环到三环里"]
           }, {
           "name": "崇文区",
           "area": ["一环到二环", "二环到三环"]
           }, {
           "name": "宣武区",
           "area": ["内环到三环里"]
           }, {
           "name": "丰台区",
           "area": ["四环到五环之间", "二环到三环", "三环到四环之间", "五环到六环之间", "六环之外"]
           }, {
           "name": "石景山区",
           "area": ["四环到五环内", "石景山城区", "八大处科技园区"]
           }, {
           "name": "门头沟",
           "area": ["城区", "龙泉镇", "永定镇", "大台镇", "潭柘寺镇", "王平镇", "军庄镇", "妙峰山镇", "雁翅镇", "斋堂镇", "清水镇"]
           }, {
           "name": "房山区",
           "area": ["城区", "大安山乡", "大石窝镇", "窦店镇", "佛子庄乡", "韩村河镇", "河北镇", "良乡镇", "琉璃河镇", "南窖乡", "蒲洼乡", "青龙湖镇", "十渡镇", "石楼镇", "史家营乡", "霞云岭乡", "新镇", "阎村镇", "燕山地区", "张坊镇", "长沟镇", "长阳镇", "周口店镇"]
           }, {
           "name": "通州区",
           "area": ["六环内（马驹桥镇）", "六环外（马驹桥镇）", "永顺镇", "梨园镇", "宋庄镇", "漷县镇", "张家湾镇", "西集镇", "永乐店镇", "潞城镇", "台湖镇", "于家务乡", "中仓街道", "新华街道", "玉桥街道", "北苑街道", "次渠镇"]
           }, {
           "name": "大兴区",
           "area": ["四环至五环之间", "六环以外", "五环至六环之间", "亦庄经济开发区"]
           }, {
           "name": "顺义区",
           "area": ["北石槽镇", "北务镇", "北小营镇", "大孙各庄镇", "高丽营镇", "光明街道", "后沙峪地区", "空港街道", "李桥镇", "李遂镇", "龙湾屯镇", "马坡地区", "木林镇", "南彩镇", "南法信地区", "牛栏山地区", "仁和地区", "胜利街道", "石园街道", "双丰街道", "天竺地区", "旺泉街道", "杨镇地区", "张镇", "赵全营镇"]
           }, {
           "name": "怀柔区",
           "area": ["郊区", "城区以内"]
           }, {
           "name": "密云区",
           "area": ["城区以外", "城区"]
           }, {
           "name": "昌平区",
           "area": ["城区以外", "六环以内", "城区"]
           }, {
           "name": "平谷区",
           "area": ["城区以外", "城区"]
           }, {
           "name": "延庆县",
           "area": ["延庆镇", "城区", "康庄镇", "八达岭镇", "永宁镇", "旧县镇", "张山营镇", "四海镇", "千家店镇", "沈家营镇", "大榆树镇", "井庄镇", "大庄科乡", "刘斌堡乡", "香营乡", "珍珠泉乡"]
           }]
  }, {
  "name": "上海",
  "city": [{
           "name": "黄浦区",
           "area": ["城区"]
           }, {
           "name": "徐汇区",
           "area": ["城区"]
           }, {
           "name": "长宁区",
           "area": ["城区"]
           }, {
           "name": "静安区",
           "area": ["城区"]
           }, {
           "name": "闸北区",
           "area": ["城区"]
           }, {
           "name": "虹口区",
           "area": ["城区"]
           }, {
           "name": "杨浦区",
           "area": ["城区"]
           }, {
           "name": "宝山区",
           "area": ["罗店镇", "大场镇", "杨行镇", "月浦镇", "罗泾镇", "顾村镇", "高境镇", "庙行镇", "淞南镇", "宝山城市工业园区", "城区"]
           }, {
           "name": "闵行区",
           "area": ["城区", "莘庄镇", "七宝镇", "浦江镇", "梅陇镇", "虹桥镇", "马桥镇", "吴泾镇", "华漕镇", "颛桥镇"]
           }, {
           "name": "嘉定区",
           "area": ["城区", "南翔镇", "马陆镇", "华亭镇", "江桥镇", "菊园新区", "安亭镇", "徐行镇", "外冈镇", "嘉定工业区"]
           }, {
           "name": "浦东新区",
           "area": ["城区", "川沙新镇", "高桥镇", "北蔡镇", "合庆镇", "唐镇", "曹路镇", "金桥镇", "高行镇", "高东镇", "张江镇", "三林镇", "南汇新城镇", "祝桥镇", "新场镇", "惠南镇", "康桥镇", "宣桥镇", "书院镇", "大团镇", "周浦镇", "芦潮港镇", "泥城镇", "航头镇", "万祥镇", "老港镇"]
           }, {
           "name": "青浦区",
           "area": ["朱家角镇", "赵巷镇", "徐泾镇", "华新镇", "重固镇", "白鹤镇", "练塘镇", "金泽镇", "城区"]
           }, {
           "name": "松江区",
           "area": ["城区", "泗泾镇", "佘山镇", "车墩镇", "新桥镇", "洞泾镇", "九亭镇", "泖港镇", "石湖荡镇", "新浜镇", "叶榭镇", "小昆山镇"]
           }, {
           "name": "金山区",
           "area": ["城区", "金山工业区", "朱泾镇", "枫泾镇", "张堰镇", "亭林镇", "吕巷镇", "廊下镇", "金山卫镇", "漕泾镇", "山阳镇"]
           }, {
           "name": "奉贤区",
           "area": ["南桥镇", "奉城镇", "四团镇", "柘林镇", "庄行镇", "金汇镇", "青村镇", "海湾镇"]
           }, {
           "name": "普陀区",
           "area": ["城区"]
           }, {
           "name": "崇明县",
           "area": ["堡镇", "庙镇", "陈家镇", "城桥镇", "东平镇", "港西镇", "港沿镇", "建设镇", "绿华镇", "三星镇", "竖新镇", "向化镇", "新海镇", "新河镇", "中兴镇", "长兴乡", "横沙乡", "新村乡"]
           }]
  }, {
  "name": "天津",
  "city": [{
           "name": "东丽区",
           "area": ["全境"]
           }, {
           "name": "和平区",
           "area": ["全境"]
           }, {
           "name": "河北区",
           "area": ["全境"]
           }, {
           "name": "河东区",
           "area": ["全境"]
           }, {
           "name": "河西区",
           "area": ["全境"]
           }, {
           "name": "红桥区",
           "area": ["全境"]
           }, {
           "name": "蓟县",
           "area": ["全境"]
           }, {
           "name": "静海县",
           "area": ["全境"]
           }, {
           "name": "南开区",
           "area": ["全境"]
           }, {
           "name": "塘沽区",
           "area": ["全境"]
           }, {
           "name": "西青区",
           "area": ["全境"]
           }, {
           "name": "武清区",
           "area": ["全境"]
           }, {
           "name": "津南区",
           "area": ["咸水沽镇、海河教育园，海河科技园", "双港，辛庄", "其他地区"]
           }, {
           "name": "汉沽区",
           "area": ["汉沽区街里、汉沽开发区", "其它地区"]
           }, {
           "name": "大港区",
           "area": ["大港油田", "主城区内", "主城区外"]
           }, {
           "name": "北辰区",
           "area": ["外环内", "外环外双街镇，河北工大新校，屈店工业园", "外环外其它地区"]
           }, {
           "name": "宝坻区",
           "area": ["城关镇、马家店开发区、天宝工业园", "其它地区"]
           }, {
           "name": "宁河县",
           "area": ["芦台镇、经济开发区、贸易开发区", "其它地区"]
           }]
  }, {
  "name": "重庆",
  "city": [{
           "name": "万州区",
           "area": ["白土镇", "白羊镇", "大周镇", "弹子镇", "分水镇", "甘宁镇", "高峰镇", "高梁镇", "后山镇", "李河镇", "龙驹镇", "龙沙镇", "罗田镇", "孙家镇", "太安镇", "太龙镇", "天城镇", "武陵镇", "响水镇", "小周镇", "新田镇", "新乡镇", "熊家镇", "余家镇", "长岭镇", "长坪镇", "长滩镇", "走马镇", "瀼渡镇", "茨竹乡", "柱山乡", "燕山乡", "溪口乡", "普子乡", "地宝乡", "铁峰乡", "黄柏乡", "九池乡", "梨树乡", "郭村乡", "恒合乡", "城区"]
           }, {
           "name": "涪陵区",
           "area": ["李渡镇", "白涛镇", "百胜镇", "堡子镇", "焦石镇", "蔺市镇", "龙桥镇", "龙潭镇", "马武镇", "南沱镇", "青羊镇", "清溪镇", "石沱镇", "新妙镇", "义和镇", "增福乡", "珍溪镇", "镇安镇", "致韩镇", "土地坡乡", "武陵山乡", "中峰乡", "梓里乡", "丛林乡", "大木乡", "惠民乡", "酒店乡", "聚宝乡", "卷洞乡", "两汇乡", "罗云乡", "明家乡", "仁义乡", "山窝乡", "石和乡", "石龙乡", "太和乡", "天台乡", "同乐乡", "新村乡", "城区"]
           }, {
           "name": "梁平区",
           "area": ["梁山镇", "柏家镇", "碧山镇", "大观镇", "福禄镇", "合兴镇", "和林镇", "虎城镇", "回龙镇", "金带镇", "聚奎镇", "礼让镇", "龙门镇", "明达镇", "蟠龙镇", "屏锦镇", "仁贤镇", "石安镇", "文化镇", "新盛镇", "荫平镇", "袁驿镇", "云龙镇", "竹山镇", "安胜乡", "铁门乡", "紫照乡", "曲水乡", "龙胜乡", "城北乡", "城东乡", "复平乡", "县城内"]
           }, {
           "name": "南川区",
           "area": ["太平场镇", "大观镇", "大有镇", "合溪镇", "金山镇", "鸣玉镇", "南平镇", "三泉镇", "神童镇", "石墙镇", "水江镇", "头渡镇", "兴隆镇", "冷水关乡", "德隆乡", "峰岩乡", "福寿乡", "古花乡", "河图乡", "民主乡", "木凉乡", "乾丰乡", "庆元乡", "石莲乡", "石溪乡", "铁村乡", "土溪乡", "鱼泉乡", "中桥乡", "城区"]
           }, {
           "name": "潼南区",
           "area": ["柏梓镇", "宝龙镇", "崇龛镇", "古溪镇", "龙形镇", "米心镇", "群力镇", "上和镇", "双江镇", "太安镇", "塘坝镇", "卧佛镇", "五桂镇", "小渡镇", "新胜镇", "玉溪镇", "别口乡", "田家乡", "寿桥乡", "县城内"]
           }, {
           "name": "大足区",
           "area": ["龙滩子镇", "龙水镇", "智凤镇", "宝顶镇", "中敖镇", "三驱镇", "宝兴镇", "玉龙镇", "石马镇", "拾万镇", "回龙镇", "金山镇", "万古镇", "国梁镇", "雍溪镇", "珠溪镇", "龙石镇", "邮亭镇", "铁山镇", "高升镇", "季家镇", "古龙镇", "高坪镇", "双路镇", "通桥镇", "城区"]
           }, {
           "name": "黔江区",
           "area": ["正阳镇", "舟白镇", "阿蓬江镇", "小南海镇", "鹅池镇", "冯家镇", "黑溪镇", "黄溪镇", "金溪镇", "黎水镇", "邻鄂镇", "马喇镇", "石会镇", "石家镇", "濯水镇", "白石乡", "白土乡", "金洞乡", "蓬东乡", "沙坝乡", "杉岭乡", "水市乡", "水田乡", "太极乡", "五里乡", "新华乡", "中塘乡", "城区"]
           }, {
           "name": "武隆区",
           "area": ["仙女山镇", "巷口镇", "白马镇", "火炉镇", "江口镇", "平桥镇", "桐梓镇", "土坎镇", "鸭江镇", "羊角镇", "长坝镇", "白云乡", "沧沟乡", "凤来乡", "浩口乡", "和顺乡", "后坪乡", "黄莺乡", "接龙乡", "庙垭乡", "石桥乡", "双河乡", "铁矿乡", "土地乡", "文复乡", "赵家乡", "县城内"]
           }, {
           "name": "丰都县",
           "area": ["南天湖镇", "许明寺镇", "包鸾镇", "董家镇", "高家镇", "虎威镇", "江池镇", "龙河镇", "名山镇", "三元镇", "社坛镇", "十直镇", "树人镇", "双路镇", "武平镇", "兴义镇", "湛普镇", "镇江镇", "太平坝乡", "双龙场乡", "保合乡", "崇兴乡", "都督乡", "暨龙乡", "栗子乡", "龙孔乡", "青龙乡", "仁沙乡", "三坝乡", "三建乡", "县城内"]
           }, {
           "name": "奉节县",
           "area": ["永安镇", "白帝镇", "草堂镇", "大树镇", "汾河镇", "公平镇", "甲高镇", "康乐镇", "青龙镇", "吐祥镇", "新民镇", "兴隆镇", "羊市镇", "朱衣镇", "竹园镇", "安坪乡", "冯坪乡", "鹤峰乡", "红土乡", "康坪乡", "龙桥乡", "平安乡", "石岗乡", "太和乡", "五马乡", "新政乡", "岩湾乡", "云雾乡", "长安乡", "县城内", "永乐镇"]
           }, {
           "name": "开州区",
           "area": ["九龙山镇", "大进镇", "敦好镇", "高桥镇", "郭家镇", "和谦镇", "河堰镇", "厚坝镇", "临江镇", "南门镇", "南雅镇", "渠口镇", "铁桥镇", "温泉镇", "义和镇", "长沙镇", "赵家镇", "镇安镇", "中和镇", "竹溪镇", "三汇口乡", "白桥乡", "大德乡", "关面乡", "金峰乡", "麻柳乡", "满月乡", "谭家乡", "天和乡", "巫山镇", "五通乡", "紫水乡", "县城内", "白桥镇", "大德镇", "金峰镇", "谭家镇", "天和镇", "白泉乡", "岳溪镇"]
           }, {
           "name": "云阳县",
           "area": ["云阳镇", "巴阳镇", "凤鸣镇", "高阳镇", "故陵镇", "红狮镇", "黄石镇", "江口镇", "龙角镇", "路阳镇", "南溪镇", "农坝镇", "盘龙镇", "平安镇", "渠马镇", "人和镇", "桑坪镇", "沙市镇", "双土镇", "鱼泉镇", "云安镇", "洞鹿乡", "后叶乡", "龙洞乡", "毛坝乡", "泥溪乡", "票草乡", "普安乡", "栖霞乡", "清水乡", "上坝乡", "石门乡", "双龙乡", "水口乡", "外郎乡", "新津乡", "堰坪乡", "养鹿乡", "耀灵乡", "云硐乡", "县城内"]
           }, {
           "name": "忠县",
           "area": ["忠州镇", "拔山镇", "白石镇", "东溪镇", "复兴镇", "官坝镇", "花桥镇", "黄金镇", "金鸡镇", "马灌镇", "任家镇", "汝溪镇", "三汇镇", "石宝镇", "石黄镇", "双桂镇", "乌杨镇", "新生镇", "洋渡镇", "野鹤镇", "永丰镇", "金声乡", "磨子乡", "善广乡", "石子乡", "涂井乡", "兴峰乡", "新立镇", "县城内"]
           }, {
           "name": "巫溪县",
           "area": ["城厢镇", "凤凰镇", "古路镇", "尖山镇", "宁厂镇", "上磺镇", "文峰镇", "下堡镇", "徐家镇", "朝阳洞乡", "大河乡", "峰灵乡", "花台乡", "兰英乡", "菱角乡", "蒲莲乡", "胜利乡", "双阳乡", "塘坊乡", "天星乡", "天元乡", "田坝乡", "通城乡", "土城乡", "乌龙乡", "鱼鳞乡", "长桂乡", "中岗乡", "中梁乡", "县城内"]
           }, {
           "name": "巫山县",
           "area": ["巫峡镇", "大昌镇", "福田镇", "官渡镇", "官阳镇", "龙溪镇", "骡坪镇", "庙堂乡", "庙宇镇", "双龙镇", "铜鼓镇", "抱龙镇", "大溪乡", "当阳乡", "邓家乡", "笃坪乡", "红椿乡", "建平乡", "金坪乡", "两坪乡", "龙井乡", "培石乡", "平河乡", "曲尺乡", "三溪乡", "竹贤乡", "县城内"]
           }, {
           "name": "石柱县",
           "area": ["南宾镇", "黄水镇", "临溪镇", "龙沙镇", "马武镇", "沙子镇", "王场镇", "西沱镇", "下路镇", "沿溪镇", "渔池镇", "悦崃镇", "大歇乡", "枫木乡", "河嘴乡", "黄鹤乡", "金铃乡", "金竹乡", "冷水乡", "黎场乡", "六塘乡", "龙潭乡", "桥头乡", "三河乡", "三益乡", "石家乡", "万朝乡", "王家乡", "洗新乡", "新乐乡", "中益乡", "县城内"]
           }, {
           "name": "彭水县",
           "area": ["保家镇", "高谷镇", "黄家镇", "连湖镇", "龙射镇", "鹿角镇", "普子镇", "桑柘镇", "万足镇", "郁山镇", "梅子垭乡", "鞍子乡", "大垭乡", "棣棠乡", "靛水乡", "朗溪乡", "联合乡", "龙塘乡", "龙溪乡", "芦塘乡", "鹿鸣乡", "平安乡", "迁乔乡", "乔梓乡", "润溪乡", "三义乡", "善感乡", "石柳乡", "石盘乡", "双龙乡", "太原乡", "桐楼乡", "小厂乡", "新田乡", "岩东乡", "长滩乡", "诸佛乡", "走马乡", "县城内"]
           }, {
           "name": "垫江县",
           "area": ["桂溪镇", "澄溪镇", "高安镇", "高峰镇", "鹤游镇", "普顺镇", "沙坪镇", "太平镇", "五洞镇", "新民镇", "砚台镇", "永安镇", "周嘉镇", "白家乡", "包家乡", "曹回乡", "大石乡", "杠家乡", "黄沙乡", "裴兴乡", "三溪乡", "沙河乡", "永平乡", "长龙乡", "坪山镇", "县城内"]
           }, {
           "name": "酉阳县",
           "area": ["钟多镇", "苍岭镇", "车田乡", "大溪镇", "丁市镇", "泔溪镇", "龚滩镇", "黑水镇", "后溪镇", "李溪镇", "龙潭镇", "麻旺镇", "小河镇", "兴隆镇", "酉酬镇", "南腰界乡", "后坪坝乡", "板溪乡", "官清乡", "花田乡", "江丰乡", "可大乡", "浪坪乡", "两罾乡", "毛坝乡", "庙溪乡", "木叶乡", "楠木乡", "偏柏乡", "清泉乡", "双泉乡", "天馆乡", "铜鼓乡", "涂市乡", "万木乡", "五福乡", "宜居乡", "腴地乡", "板桥乡", "县城内"]
           }, {
           "name": "秀山县",
           "area": ["清溪场镇", "中和镇", "隘口镇", "峨溶镇", "官庄镇", "洪安镇", "兰桥镇", "龙池镇", "梅江镇", "平凯镇", "溶溪镇", "石堤镇", "石耶镇", "雅江镇", "巴家乡", "保安乡", "岑溪乡", "大溪乡", "干川乡", "膏田乡", "官舟乡", "海洋乡", "里仁乡", "妙泉乡", "平马乡", "宋农乡", "溪口乡", "孝溪乡", "涌洞乡", "中平乡", "钟灵乡", "县城内"]
           }, {
           "name": "城口县",
           "area": ["葛城镇", "巴山镇", "高观镇", "庙坝镇", "明通镇", "坪坝镇", "修齐镇", "北屏乡", "东安乡", "高楠乡", "高燕乡", "河鱼乡", "厚坪乡", "鸡鸣乡", "岚天乡", "蓼子乡", "龙田乡", "明中乡", "双河乡", "咸宜乡", "沿河乡", "治平乡", "周溪乡", "左岚乡", "县城内"]
           }, {
           "name": "璧山区",
           "area": ["县城内", "青杠镇", "来凤镇", "丁家镇", "大路镇", "八塘镇", "七塘镇", "河边镇", "福禄镇", "大兴镇", "正兴镇", "广普镇", "三合镇", "健龙镇"]
           }, {
           "name": "荣昌区",
           "area": ["县城内", "广顺镇", "安富镇", "峰高镇", "双河镇", "直升镇", "路孔镇", "清江镇", "仁义镇", "河包镇", "古昌镇", "吴家镇", "观胜镇", "铜鼓镇", "清流镇", "盘龙镇", "远觉镇", "清升镇", "荣隆镇", "龙集镇"]
           }, {
           "name": "铜梁区",
           "area": ["县城内", "土桥镇", "二坪镇", "水口镇", "安居镇", "白羊镇", "平滩镇", "石鱼镇", "福果镇", "维新镇", "高楼镇", "大庙镇", "围龙镇", "华兴镇", "永嘉镇", "安溪镇", "西河镇", "太平镇", "旧县镇", "虎峰镇", "少云镇", "蒲吕镇", "侣俸镇", "小林乡", "双山乡", "庆隆乡"]
           }, {
           "name": "合川区",
           "area": ["草街镇", "盐井镇", "云门镇", "大石镇", "沙鱼镇", "官渡镇", "涞滩镇", "肖家镇", "古楼镇", "三庙镇", "二郎镇", "龙凤镇", "隆兴镇", "铜溪镇", "双凤镇", "狮滩镇", "清平镇", "土场镇", "小沔镇", "三汇镇", "香龙镇", "钱塘镇", "龙市镇", "燕窝镇", "太和镇", "渭沱镇", "双槐镇", "城区"]
           }, {
           "name": "巴南区",
           "area": ["南泉镇", "一品镇", "南彭镇", "惠民镇", "麻柳嘴镇", "天星寺镇", "双河口镇", "界石镇", "安澜镇", "跳石镇", "木洞镇", "丰盛镇", "二圣镇", "东泉镇", "姜家镇", "接龙镇", "石滩镇", "石龙镇", "城区"]
           }, {
           "name": "北碚区",
           "area": ["东阳镇", "蔡家岗镇", "童家溪镇", "施家梁镇", "金刀峡镇", "澄江镇", "水土镇", "歇马镇", "天府镇", "复兴镇", "静观镇", "柳荫镇", "三圣镇", "城区"]
           }, {
           "name": "江津区",
           "area": ["四面山镇", "支坪镇", "白沙镇", "珞璜镇", "柏林镇", "蔡家镇", "慈云镇", "杜市镇", "广兴镇", "嘉平镇", "贾嗣镇", "李市镇", "龙华镇", "石蟆镇", "石门镇", "塘河镇", "吴滩镇", "西湖镇", "夏坝镇", "先锋镇", "永兴镇", "油溪镇", "中山镇", "朱杨镇", "城区", "双福镇"]
           }, {
           "name": "渝北区",
           "area": ["礼嘉镇", "两路镇", "王家镇", "悦来镇", "玉峰山镇", "茨竹镇", "大盛镇", "大塆镇", "古路镇", "龙兴镇", "洛碛镇", "木耳镇", "石船镇", "统景镇", "兴隆镇", "城区"]
           }, {
           "name": "长寿区",
           "area": ["长寿湖镇", "邻封镇", "但渡镇", "云集镇", "双龙镇", "龙河镇", "石堰镇", "云台镇", "海棠镇", "葛兰镇", "新市镇", "八颗镇", "洪湖镇", "万顺镇", "城区"]
           }, {
           "name": "永川区",
           "area": ["双竹镇", "三教镇", "大安镇", "陈食镇", "板桥镇", "宝峰镇", "临江镇", "红炉镇", "吉安镇", "金龙镇", "来苏镇", "青峰镇", "双石镇", "松溉镇", "五间镇", "仙龙镇", "永荣镇", "朱沱镇", "何埂镇", "城区"]
           }, {
           "name": "江北区",
           "area": ["内环以内", "寸滩镇", "郭家沱镇", "铁山坪镇", "鱼嘴镇", "复盛镇", "五宝镇", "大石坝镇"]
           }, {
           "name": "南岸区",
           "area": ["内环以内", "茶园新区", "鸡冠石镇", "长生桥镇", "峡口镇", "广阳镇", "迎龙镇", "城区"]
           }, {
           "name": "九龙坡区",
           "area": ["内环以内", "白市驿镇", "铜罐驿镇", "华岩镇", "巴福镇", "含谷镇", "金凤镇", "石板镇", "陶家镇", "西彭镇", "走马镇"]
           }, {
           "name": "沙坪坝区",
           "area": ["内环以内", "陈家桥镇", "歌乐山镇", "青木关镇", "回龙坝镇", "大学城", "虎溪镇", "西永镇", "土主镇", "井口镇", "曾家镇", "凤凰镇", "中梁镇"]
           }, {
           "name": "大渡口区",
           "area": ["内环以内", "茄子溪镇", "建胜镇", "跳磴镇"]
           }, {
           "name": "綦江区",
           "area": ["三江镇", "安稳镇", "打通镇", "丁山镇", "东溪镇", "扶欢镇", "赶水镇", "郭扶镇", "横山镇", "隆盛镇", "三角镇", "石壕镇", "石角镇", "新盛镇", "永城镇", "永新镇", "中峰镇", "篆塘镇", "丛林镇", "关坝镇", "黑山镇", "金桥镇", "南桐镇", "青年镇", "石林镇", "万东镇", "城区"]
           }, {
           "name": "渝中区",
           "area": ["全境"]
           }, {
           "name": "高新区",
           "area": ["全境"]
           }, {
           "name": "北部新区",
           "area": ["全境"]
           }]
  }, {
  "name": "河北",
  "city": [{
           "name": "石家庄市",
           "area": ["辛集市", "晋州市", "新乐市", "井陉县", "栾城县", "行唐县", "灵寿县", "高邑县", "赵县", "赞皇县", "深泽县", "无极县", "元氏县", "井陉矿区", "平山县", "藁城区", "鹿泉市", "正定县", "新华区", "桥西区", "桥东区", "裕华区", "长安区"]
           }, {
           "name": "邯郸市",
           "area": ["邯郸县", "峰峰矿区", "曲周县", "馆陶县", "魏县", "成安县", "大名县", "涉县", "鸡泽县", "邱县", "广平县", "肥乡县", "磁县", "临漳县", "永年县", "丛台区", "邯山区", "复兴区", "武安市"]
           }, {
           "name": "邢台市",
           "area": ["邢台县", "南宫市", "沙河市", "柏乡县", "任县", "清河县", "隆尧县", "临城县", "广宗县", "临西县", "内丘县", "平乡县", "巨鹿县", "新河县", "南和县", "宁晋县", "威县", "桥西区", "桥东区"]
           }, {
           "name": "保定市",
           "area": ["安国市", "满城区", "清苑县", "涞水县", "阜平县", "定兴县", "唐县", "高阳县", "容城县", "涞源县", "望都县", "易县", "曲阳县", "蠡县", "顺平县", "博野县", "雄县", "新市区", "安新县", "涿州市", "定州市", "徐水县", "高碑店市", "莲池区"]
           }, {
           "name": "张家口市",
           "area": ["宣化县", "康保县", "张北县", "阳原县", "赤城县", "怀安县", "怀来县", "崇礼县", "尚义县", "蔚县", "涿鹿县", "万全县", "下花园区", "沽源县", "宣化区", "桥西区", "桥东区"]
           }, {
           "name": "承德市",
           "area": ["兴隆县", "平泉市", "滦平县", "丰宁县", "围场县", "宽城县", "隆化县", "承德县", "双滦区", "鹰手营子矿区", "双桥区"]
           }, {
           "name": "秦皇岛市",
           "area": ["卢龙县", "青龙县", "昌黎县", "北戴河区", "抚宁县", "海港区", "山海关区"]
           }, {
           "name": "唐山市",
           "area": ["遵化市", "丰南区", "迁西县", "滦南县", "玉田县", "曹妃甸区", "乐亭县", "滦县", "古冶区", "开平区", "路北区", "路南区", "迁安市", "丰润区"]
           }, {
           "name": "沧州市",
           "area": ["沧县", "泊头市", "河间市", "献县", "肃宁县", "青县", "东光县", "吴桥县", "南皮县", "盐山县", "海兴县", "孟村县", "运河区", "新华区", "任丘市", "黄骅市"]
           }, {
           "name": "廊坊市",
           "area": ["固安县", "永清县", "香河县", "大城县", "文安县", "大厂县", "安次区", "广阳区", "开发区", "三河市", "霸州市"]
           }, {
           "name": "衡水市",
           "area": ["冀州市", "深州市", "饶阳县", "枣强县", "故城县", "阜城县", "安平县", "武邑县", "景县", "武强县", "桃城区"]
           }]
  }, {
  "name": "山西",
  "city": [{
           "name": "太原市",
           "area": ["阳曲县", "古交市", "娄烦县", "清徐县", "小店区", "迎泽区", "晋源区", "万柏林区", "尖草坪区", "杏花岭区"]
           }, {
           "name": "大同市",
           "area": ["大同县", "天镇县", "灵丘县", "阳高县", "左云县", "浑源县", "广灵县", "新荣区", "南郊区", "矿区", "城区"]
           }, {
           "name": "阳泉市",
           "area": ["盂县", "平定县", "郊区", "矿区", "城区"]
           }, {
           "name": "晋城市",
           "area": ["高平市", "阳城县", "沁水县", "陵川县", "泽州县", "城区"]
           }, {
           "name": "朔州市",
           "area": ["山阴县", "右玉县", "应县", "怀仁县", "朔城区", "平鲁区"]
           }, {
           "name": "晋中市",
           "area": ["介休市", "昔阳县", "祁县", "左权县", "寿阳县", "太谷县", "和顺县", "灵石县", "平遥县", "榆社县", "榆次区"]
           }, {
           "name": "忻州市",
           "area": ["原平市", "代县", "神池县", "五寨县", "五台县", "偏关县", "宁武县", "静乐县", "繁峙县", "河曲县", "保德县", "定襄县", "忻府区", "岢岚县"]
           }, {
           "name": "吕梁市",
           "area": ["离石区", "孝义市", "汾阳市", "文水县", "中阳县", "兴县", "临县", "方山县", "柳林县", "岚县", "交口县", "交城县", "石楼县"]
           }, {
           "name": "临汾市",
           "area": ["侯马市", "霍州市", "汾西县", "吉县", "安泽县", "浮山县", "大宁县", "古县", "隰县", "襄汾县", "翼城县", "永和县", "乡宁县", "洪洞县", "蒲县", "曲沃县", "尧都区"]
           }, {
           "name": "运城市",
           "area": ["河津市", "永济市", "新绛县", "平陆县", "垣曲县", "绛县", "稷山县", "芮城县", "夏县", "临猗县", "万荣县", "闻喜县", "盐湖区"]
           }, {
           "name": "长治市",
           "area": ["长治县", "潞城市", "郊区", "襄垣县", "屯留县", "平顺县", "黎城县", "壶关县", "长子县", "武乡县", "沁县", "沁源县", "城区"]
           }]
  }, {
  "name": "河南",
  "city": [{
           "name": "郑州市",
           "area": ["新密市", "登封市", "上街区", "惠济区", "金水区", "管城区", "二七区", "中原区", "郑东新区", "新郑市", "巩义市", "荥阳市", "中牟县", "经济开发区", "高新技术开发区"]
           }, {
           "name": "开封市",
           "area": ["开封县", "杞县", "兰考县", "尉氏县", "通许县", "金明区", "龙亭区", "顺河区", "鼓楼区", "禹王台区"]
           }, {
           "name": "洛阳市",
           "area": ["偃师市", "孟津县", "汝阳县", "伊川县", "洛宁县", "宜阳县", "栾川县", "新安县", "吉利区", "涧西区", "瀍河区", "老城区", "西工区", "嵩县", "伊滨区", "洛龙区"]
           }, {
           "name": "平顶山市",
           "area": ["汝州市", "舞钢市", "郏县", "叶县", "鲁山县", "宝丰县", "石龙区", "湛河区", "卫东区", "新华区"]
           }, {
           "name": "焦作市",
           "area": ["沁阳市", "孟州市", "修武县", "温县", "武陟县", "博爱县", "山阳区", "解放区", "马村区", "中站区"]
           }, {
           "name": "鹤壁市",
           "area": ["浚县", "淇县", "鹤山区", "山城区", "淇滨区"]
           }, {
           "name": "新乡市",
           "area": ["卫辉市", "辉县市", "新乡县", "获嘉县", "原阳县", "长垣县", "延津县", "封丘县", "凤泉区", "牧野区", "红旗区", "卫滨区"]
           }, {
           "name": "安阳市",
           "area": ["林州市", "安阳县", "滑县", "汤阴县", "内黄县", "龙安区", "殷都区", "文峰区", "开发区", "北关区"]
           }, {
           "name": "濮阳市",
           "area": ["濮阳县", "南乐县", "台前县", "清丰县", "范县", "华龙区"]
           }, {
           "name": "许昌市",
           "area": ["禹州市", "长葛市", "建安区", "鄢陵县", "襄城县", "魏都区"]
           }, {
           "name": "漯河市",
           "area": ["郾城区", "临颍县", "召陵区", "舞阳县", "源汇区"]
           }, {
           "name": "三门峡市",
           "area": ["义马市", "灵宝市", "陕县", "卢氏县", "渑池县", "湖滨区"]
           }, {
           "name": "南阳市",
           "area": ["邓州市", "桐柏县", "方城县", "淅川县", "镇平县", "唐河县", "南召县", "内乡县", "新野县", "社旗县", "西峡县", "卧龙区", "宛城区"]
           }, {
           "name": "商丘市",
           "area": ["永城市", "宁陵县", "虞城县", "民权县", "夏邑县", "柘城县", "睢县", "睢阳区", "梁园区"]
           }, {
           "name": "周口市",
           "area": ["项城市", "商水县", "淮阳县", "太康县", "鹿邑县", "西华县", "扶沟县", "沈丘县", "郸城县", "东新区", "经济开发区", "川汇区"]
           }, {
           "name": "驻马店市",
           "area": ["确山县", "新蔡县", "上蔡县", "泌阳县", "西平县", "遂平县", "汝南县", "平舆县", "正阳县", "驿城区"]
           }, {
           "name": "信阳市",
           "area": ["潢川县", "淮滨县", "息县", "新县", "固始县", "罗山县", "光山县", "商城县", "平桥区", "浉河区"]
           }, {
           "name": "济源市",
           "area": ["五龙口镇", "下冶镇", "轵城镇", "王屋镇", "思礼镇", "邵原镇", "坡头镇", "梨林镇", "克井镇", "大峪镇", "承留镇", "城区"]
           }]
  }, {
  "name": "辽宁",
  "city": [{
           "name": "沈阳市",
           "area": ["苏家屯区", "新民市", "法库县", "辽中县", "康平县", "皇姑区", "铁西区", "大东区", "沈河区", "东陵区", "于洪区", "和平区", "浑南新区", "沈北新区"]
           }, {
           "name": "大连市",
           "area": ["普兰店市", "瓦房店市", "庄河市", "长海县", "沙河口区", "西岗区", "中山区", "甘井子区", "高新园区", "大连开发区", "金州区", "旅顺口区"]
           }, {
           "name": "鞍山市",
           "area": ["台安县", "海城市", "岫岩县", "铁东区", "立山区", "铁西区", "千山区"]
           }, {
           "name": "抚顺市",
           "area": ["抚顺县", "新宾县", "清原县", "望花区", "东洲区", "新抚区", "顺城区"]
           }, {
           "name": "本溪市",
           "area": ["桓仁县", "南芬区", "本溪县", "平山区", "溪湖区", "明山区"]
           }, {
           "name": "丹东市",
           "area": ["宽甸县", "元宝区", "振兴区", "振安区", "东港市", "凤城市"]
           }, {
           "name": "锦州市",
           "area": ["义县", "凌海市", "北镇市", "黑山县", "古塔区", "凌河区", "太和区", "经济技术开发区"]
           }, {
           "name": "葫芦岛市",
           "area": ["绥中县", "建昌县", "南票区", "龙港区", "连山区", "兴城市"]
           }, {
           "name": "营口市",
           "area": ["大石桥市", "盖州市", "老边区", "西市区", "站前区", "鲅鱼圈区"]
           }, {
           "name": "盘锦市",
           "area": ["盘山县", "大洼区", "兴隆台区", "双台子区"]
           }, {
           "name": "阜新市",
           "area": ["阜新县", "彰武县", "清河门区", "新邱区", "海州区", "太平区", "细河区"]
           }, {
           "name": "辽阳市",
           "area": ["辽阳县", "太子河区", "弓长岭区", "宏伟区", "白塔区", "文圣区", "灯塔市"]
           }, {
           "name": "朝阳市",
           "area": ["凌源市", "北票市", "喀喇沁左翼县", "朝阳县", "建平县", "龙城区", "双塔区"]
           }, {
           "name": "铁岭市",
           "area": ["银州区", "清河区", "开原市", "铁岭县", "西丰县", "昌图县", "调兵山市"]
           }]
  }, {
  "name": "吉林",
  "city": [{
           "name": "长春市",
           "area": ["榆树市", "九台市", "农安县", "德惠市", "双阳区", "朝阳区", "南关区", "宽城区", "二道区", "绿园区", "净月区", "汽车产业开发区", "高新技术开发区", "经济技术开发区"]
           }, {
           "name": "吉林市",
           "area": ["舒兰市", "桦甸市", "蛟河市", "磐石市", "永吉县", "昌邑区", "龙潭区", "船营区", "丰满区"]
           }, {
           "name": "四平市",
           "area": ["公主岭市", "双辽市", "梨树县", "伊通县", "铁东区", "铁西区"]
           }, {
           "name": "通化市",
           "area": ["梅河口市", "集安市", "通化县", "辉南县", "柳河县", "二道江区", "东昌区"]
           }, {
           "name": "白山市",
           "area": ["临江市", "江源区", "靖宇县", "抚松县", "长白县", "浑江区"]
           }, {
           "name": "松原市",
           "area": ["乾安县", "长岭县", "扶余县", "宁江区", "前郭县"]
           }, {
           "name": "白城市",
           "area": ["大安市", "洮南市", "通榆县", "镇赉县", "洮北区"]
           }, {
           "name": "延边州",
           "area": ["图们市", "敦化市", "珲春市", "龙井市", "和龙市", "汪清县", "安图县", "延吉市"]
           }, {
           "name": "辽源市",
           "area": ["龙山区", "西安区", "东丰县", "东辽县"]
           }]
  }, {
  "name": "黑龙江",
  "city": [{
           "name": "哈尔滨市",
           "area": ["阿城区", "尚志市", "双城市", "五常市", "方正县", "宾县", "依兰县", "巴彦县", "通河县", "木兰县", "延寿县", "呼兰区", "松北区", "道里区", "南岗区", "道外区", "香坊区", "平房区"]
           }, {
           "name": "齐齐哈尔市",
           "area": ["梅里斯区", "昂昂溪区", "富拉尔基区", "碾子山区", "讷河市", "富裕县", "拜泉县", "甘南县", "依安县", "克山县", "龙江县", "克东县", "泰来县", "建华区", "龙沙区", "铁锋区"]
           }, {
           "name": "鹤岗市",
           "area": ["萝北县", "绥滨县", "兴山区", "向阳区", "工农区", "南山区", "兴安区", "东山区"]
           }, {
           "name": "双鸭山市",
           "area": ["集贤县", "宝清县", "友谊县", "饶河县", "尖山区", "岭东区", "四方台区", "宝山区"]
           }, {
           "name": "鸡西市",
           "area": ["密山市", "虎林市", "鸡东县", "恒山区", "滴道区", "梨树区", "城子河区", "麻山区", "鸡冠区"]
           }, {
           "name": "大庆市",
           "area": ["萨尔图区", "龙凤区", "让胡路区", "红岗区", "大同区", "林甸县", "肇州县", "肇源县", "杜尔伯特县"]
           }, {
           "name": "伊春市",
           "area": ["铁力市", "嘉荫县", "伊春区", "南岔区", "友好区", "西林区", "翠峦区", "新青区", "美溪区", "金山屯区", "五营区", "乌马河区", "汤旺河区", "带岭区", "乌伊岭区", "红星区", "上甘岭区"]
           }, {
           "name": "牡丹江市",
           "area": ["海林市", "宁安市", "穆棱市", "林口县", "东宁县", "爱民区", "东安区", "阳明区", "西安区", "绥芬河市"]
           }, {
           "name": "佳木斯市",
           "area": ["同江市", "富锦市", "桦川县", "抚远县", "桦南县", "汤原县", "前进区", "向阳区", "东风区", "郊区"]
           }, {
           "name": "七台河市",
           "area": ["勃利县", "桃山区", "新兴区", "茄子河区", "金沙新区"]
           }, {
           "name": "黑河市",
           "area": ["北安市", "五大连池市", "逊克县", "孙吴县", "嫩江县", "爱辉区"]
           }, {
           "name": "绥化市",
           "area": ["安达市", "肇东市", "海伦市", "绥棱县", "兰西县", "明水县", "青冈县", "庆安县", "望奎县", "北林区"]
           }, {
           "name": "大兴安岭地区",
           "area": ["呼玛县", "塔河县", "漠河县", "加格达奇区", "松岭区", "呼中区", "新林区"]
           }]
  }, {
  "name": "内蒙古",
  "city": [{
           "name": "呼和浩特市",
           "area": ["土默特左旗", "和林格尔县", "武川县", "托克托县", "清水河县", "玉泉区", "赛罕区", "回民区", "新城区"]
           }, {
           "name": "包头市",
           "area": ["固阳县", "土默特右旗", "达茂联合旗", "石拐区", "白云矿区", "东河区", "九原区", "青山区", "昆都仑区"]
           }, {
           "name": "乌海市",
           "area": ["海勃湾区", "海南区", "乌达区"]
           }, {
           "name": "赤峰市",
           "area": ["宁城县", "敖汉旗", "喀喇沁旗", "翁牛特旗", "巴林右旗", "林西县", "克什克腾旗", "巴林左旗", "阿鲁科尔沁旗", "元宝山区", "松山区", "红山区"]
           }, {
           "name": "乌兰察布市",
           "area": ["集宁区", "丰镇市", "兴和县", "卓资县", "商都县", "凉城县", "化德县", "察哈尔右翼前旗", "察哈尔右翼中旗", "察哈尔右翼后旗", "四子王旗"]
           }, {
           "name": "锡林郭勒盟",
           "area": ["锡林浩特市", "二连浩特市", "多伦县", "阿巴嘎旗", "西乌珠穆沁旗", "东乌珠穆沁旗", "苏尼特右旗", "苏尼特左旗", "太仆寺旗", "正镶白旗", "正蓝旗", "镶黄旗"]
           }, {
           "name": "呼伦贝尔市",
           "area": ["海拉尔区", "满洲里市", "牙克石市", "扎兰屯市", "根河市", "额尔古纳市", "陈巴尔虎旗", "阿荣旗", "新巴尔虎左旗", "新巴尔虎右旗", "鄂伦春旗", "莫力达瓦旗", "鄂温克族旗"]
           }, {
           "name": "鄂尔多斯市",
           "area": ["东胜区", "准格尔旗", "伊金霍洛旗", "乌审旗", "杭锦旗", "鄂托克旗", "鄂托克前旗", "达拉特旗", "康巴什新区"]
           }, {
           "name": "巴彦淖尔市",
           "area": ["临河区", "五原县", "磴口县", "杭锦后旗", "乌拉特中旗", "乌拉特后旗 ", "乌拉特前旗"]
           }, {
           "name": "阿拉善盟",
           "area": ["阿拉善右旗", "阿拉善左旗", "额济纳旗"]
           }, {
           "name": "兴安盟",
           "area": ["乌兰浩特市", "阿尔山市", "突泉县", "扎赉特旗", "科尔沁右翼前旗", "科尔沁右翼中旗"]
           }, {
           "name": "通辽市",
           "area": ["霍林郭勒市", "开鲁县", "库伦旗", "奈曼旗", "扎鲁特旗", "科尔沁左翼中旗", "科尔沁左翼后旗", "科尔沁区"]
           }]
  }, {
  "name": "江苏",
  "city": [{
           "name": "南京市",
           "area": ["江宁区", "高淳区", "六合区", "溧水区", "玄武区", "秦淮区", "建邺区", "鼓楼区", "栖霞区", "雨花台区", "浦口区"]
           }, {
           "name": "徐州市",
           "area": ["铜山区", "睢宁县", "沛县", "丰县", "贾汪区", "金山桥开发区", "铜山经济技术开发区", "八段工业园区", "鼓楼区", "邳州市", "泉山区", "新沂市", "云龙区"]
           }, {
           "name": "连云港市",
           "area": ["赣榆区", "灌云县", "东海县", "灌南县", "连云区", "海州区"]
           }, {
           "name": "淮安市",
           "area": ["淮安区", "洪泽县", "金湖县", "盱眙县", "经济开发区", "清河区", "淮阴区", "清浦区", "涟水县", "清江浦区"]
           }, {
           "name": "宿迁市",
           "area": ["宿豫区", "泗洪县", "宿城区", "沭阳县", "泗阳县", "宿迁经济开发区"]
           }, {
           "name": "盐城市",
           "area": ["东台市", "大丰区", "建湖县", "响水县", "阜宁县", "滨海县", "射阳县", "亭湖区", "盐都区"]
           }, {
           "name": "扬州市",
           "area": ["广陵区", "邗江区", "宝应县", "仪征市", "高邮市", "江都区"]
           }, {
           "name": "泰州市",
           "area": ["泰兴市", "靖江市", "兴化市", "高港区", "海陵区", "姜堰区", "泰州医药高新区"]
           }, {
           "name": "南通市",
           "area": ["通州区", "如东县", "海安县", "港闸区", "崇川区", "南通经济技术开发区", "如皋市", "海门市", "启东市"]
           }, {
           "name": "镇江市",
           "area": ["扬中市", "丹徒区", "润州区", "京口区", "镇江新区", "丹阳市", "句容市", "丹徒新区"]
           }, {
           "name": "常州市",
           "area": ["金坛区", "溧阳市", "新北区", "钟楼区", "天宁区", "武进区"]
           }, {
           "name": "无锡市",
           "area": ["崇安区", "南长区", "北塘区", "锡山区", "惠山区", "新区", "江阴市", "宜兴市", "滨湖区", "新吴区", "梁溪区"]
           }, {
           "name": "苏州市",
           "area": ["常熟市", "张家港市", "相城区", "金阊区", "虎丘区", "平江区", "沧浪区", "工业园区", "高新区", "太仓市", "吴江区", "吴中区", "昆山市", "姑苏区"]
           }]
  }, {
  "name": "山东",
  "city": [{
           "name": "济南市",
           "area": ["长清区", "平阴县", "济阳县", "商河县", "高新区", "历城区", "天桥区", "槐荫区", "历下区", "市中区", "章丘市"]
           }, {
           "name": "青岛市",
           "area": ["莱西市", "四方区", "市北区", "市南区", "李沧区", "黄岛区", "即墨区", "城阳区", "崂山区", "胶州市", "平度市"]
           }, {
           "name": "淄博市",
           "area": ["高青县", "沂源县", "桓台县", "周村区", "淄川区", "博山区", "临淄区", "张店区"]
           }, {
           "name": "枣庄市",
           "area": ["山亭区", "台儿庄区", "峄城区", "薛城区", "市中区", "滕州市"]
           }, {
           "name": "东营市",
           "area": ["河口区", "广饶县", "利津县", "垦利区", "东营区"]
           }, {
           "name": "潍坊市",
           "area": ["青州市", "诸城市", "安丘市", "高密市", "昌邑市", "昌乐县", "临朐县", "坊子区", "潍城区", "奎文区", "高新区", "寒亭区", "寿光市"]
           }, {
           "name": "烟台市",
           "area": ["莱阳市", "招远市", "蓬莱市", "栖霞市", "海阳市", "长岛县", "芝罘区", "莱山区", "福山区", "牟平区", "龙口市", "莱州市", "开发区"]
           }, {
           "name": "威海市",
           "area": ["乳山市", "环翠区", "荣成市", "文登市"]
           }, {
           "name": "莱芜市",
           "area": ["莱城区", "钢城区"]
           }, {
           "name": "德州市",
           "area": ["乐陵市", "禹城市", "陵县", "宁津县", "武城县", "庆云县", "平原县", "临邑县", "夏津县", "德城区", "齐河县"]
           }, {
           "name": "临沂市",
           "area": ["沂南县", "沂水县", "费县", "平邑县", "蒙阴县", "临沭县", "莒南县", "郯城县", "罗庄区", "兰山区", "河东区", "兰陵县"]
           }, {
           "name": "聊城市",
           "area": ["临清市", "阳谷县", "茌平县", "莘县", "东阿县", "冠县", "高唐县", "东昌府区"]
           }, {
           "name": "滨州市",
           "area": ["邹平县", "沾化县", "惠民县", "博兴县", "阳信县", "无棣县", "北海新区", "滨城区"]
           }, {
           "name": "菏泽市",
           "area": ["单县", "曹县", "定陶县", "巨野县", "成武县", "东明县", "郓城县", "鄄城县", "牡丹区"]
           }, {
           "name": "日照市",
           "area": ["五莲县", "莒县", "岚山区", "新市区", "东港区"]
           }, {
           "name": "泰安市",
           "area": ["东平县", "宁阳县", "岱岳区", "泰山区", "肥城市", "新泰市"]
           }, {
           "name": "济宁市",
           "area": ["梁山县", "兖州市", "微山县", "汶上县", "泗水县", "嘉祥县", "鱼台县", "金乡县", "任城区", "邹城市", "市中区", "曲阜市", "高新区"]
           }]
  }, {
  "name": "安徽",
  "city": [{
           "name": "铜陵市",
           "area": ["郊区", "义安区", "铜官区", "枞阳县"]
           }, {
           "name": "合肥市",
           "area": ["肥东县", "庐江县", "包河区", "蜀山区", "瑶海区", "庐阳区", "经济技术开发区", "高新技术开发区", "北城新区", "滨湖新区", "政务文化新区", "新站综合开发试验区", "肥西县", "巢湖市", "长丰县"]
           }, {
           "name": "淮南市",
           "area": ["凤台县", "田家庵区", "大通区", "谢家集区", "八公山区", "潘集区", "淮南高新技术开发区", "寿县"]
           }, {
           "name": "淮北市",
           "area": ["杜集区", "烈山区", "濉溪县", "相山区"]
           }, {
           "name": "芜湖市",
           "area": ["芜湖县", "繁昌县", "南陵县", "无为县", "镜湖区", "弋江区", "鸠江区", "三山区"]
           }, {
           "name": "蚌埠市",
           "area": ["怀远县", "固镇县", "五河县", "蚌山区", "淮上区", "龙子湖区", "禹会区"]
           }, {
           "name": "马鞍山市",
           "area": ["当涂县", "含山县", "和县", "博望区", "花山区", "雨山区"]
           }, {
           "name": "安庆市",
           "area": ["桐城市", "宿松县", "太湖县", "怀宁县", "岳西县", "望江县", "潜山县", "大观区", "宜秀区", "迎江区"]
           }, {
           "name": "黄山市",
           "area": ["休宁县", "歙县", "黟县", "祁门县", "黄山区", "徽州区", "屯溪区"]
           }, {
           "name": "滁州市",
           "area": ["明光市", "全椒县", "来安县", "定远县", "凤阳县", "南谯区", "琅琊区", "天长市"]
           }, {
           "name": "阜阳市",
           "area": ["界首市", "太和县", "阜南县", "颍上县", "临泉县", "经济开发区", "颍泉区", "颍州区", "颍东区"]
           }, {
           "name": "亳州市",
           "area": ["利辛县", "蒙城县", "涡阳县", "谯城区"]
           }, {
           "name": "宿州市",
           "area": ["灵璧县", "泗县", "萧县", "砀山县", "经济开发区", "埇桥区"]
           }, {
           "name": "池州市",
           "area": ["东至县", "石台县", "青阳县", "贵池区"]
           }, {
           "name": "六安市",
           "area": ["霍山县", "金寨县", "霍邱县", "舒城县", "金安区", "裕安区", "叶集区"]
           }, {
           "name": "宣城市",
           "area": ["泾县", "旌德县", "宁国市", "郎溪县", "广德县", "绩溪县", "宣州区"]
           }]
  }, {
  "name": "浙江",
  "city": [{
           "name": "宁波市",
           "area": ["慈溪市", "奉化市", "宁海县", "象山县", "海曙区", "江东区", "高新科技开发区", "北仑区", "镇海区", "鄞州区", "江北区", "余姚市"]
           }, {
           "name": "杭州市",
           "area": ["余杭区", "萧山区", "富阳区", "桐庐县", "建德市", "淳安县", "江干区", "滨江区", "上城区", "下城区", "拱墅区", "西湖区", "下沙区", "临安市"]
           }, {
           "name": "温州市",
           "area": ["文成县", "平阳县", "泰顺县", "洞头区", "苍南县", "龙湾区", "茶山高教园区", "瑞安市", "乐清市", "鹿城区", "瓯海区", "永嘉县"]
           }, {
           "name": "嘉兴市",
           "area": ["海宁市", "海盐县", "南湖区", "秀洲区", "桐乡市", "平湖市", "嘉善县"]
           }, {
           "name": "湖州市",
           "area": ["长兴县", "德清县", "安吉县", "南浔区", "吴兴区"]
           }, {
           "name": "绍兴市",
           "area": ["诸暨市", "上虞区", "嵊州市", "新昌县", "柯桥区", "越城区"]
           }, {
           "name": "金华市",
           "area": ["金东区", "兰溪市", "婺城区", "义乌市", "东阳市", "永康市", "武义县", "浦江县", "磐安县"]
           }, {
           "name": "衢州市",
           "area": ["江山市", "常山县", "开化县", "龙游县", "柯城区", "衢江区"]
           }, {
           "name": "丽水市",
           "area": ["龙泉市", "缙云县", "遂昌县", "松阳县", "景宁县", "云和县", "青田县", "庆元县", "莲都区"]
           }, {
           "name": "台州市",
           "area": ["临海市", "三门县", "天台县", "仙居县", "黄岩区", "椒江区", "路桥区", "温岭市", "玉环县"]
           }, {
           "name": "舟山市",
           "area": ["岱山县", "嵊泗县", "普陀区", "定海区"]
           }]
  }, {
  "name": "福建",
  "city": [{
           "name": "福州市",
           "area": ["长乐区", "平潭县", "连江县", "罗源县", "永泰县", "闽清县", "台江区", "鼓楼区", "晋安区", "仓山区", "马尾区", "福清市", "闽侯县"]
           }, {
           "name": "厦门市",
           "area": ["思明区", "湖里区", "翔安区", "海沧区", "集美区", "同安区"]
           }, {
           "name": "三明市",
           "area": ["永安市", "明溪县", "将乐县", "大田县", "宁化县", "建宁县", "沙县", "尤溪县", "清流县", "泰宁县", "梅列区", "三元区"]
           }, {
           "name": "莆田市",
           "area": ["仙游县", "涵江区", "秀屿区", "城厢区", "荔城区"]
           }, {
           "name": "泉州市",
           "area": ["石狮市", "南安市", "惠安县", "安溪县", "德化县", "永春县", "泉港区", "金门县", "洛江区", "鲤城区", "丰泽区", "晋江市"]
           }, {
           "name": "漳州市",
           "area": ["龙海市", "平和县", "南靖县", "诏安县", "漳浦县", "华安县", "云霄县", "东山县", "长泰县", "芗城区", "龙文区"]
           }, {
           "name": "南平市",
           "area": ["建瓯市", "邵武市", "武夷山市", "建阳市", "松溪县", "顺昌县", "浦城县", "政和县", "光泽县", "延平区"]
           }, {
           "name": "龙岩市",
           "area": ["漳平市", "长汀县", "武平县", "永定县", "上杭县", "连城县", "新罗区"]
           }, {
           "name": "宁德市",
           "area": ["福安市", "福鼎市", "寿宁县", "霞浦县", "柘荣县", "屏南县", "古田县", "周宁县", "蕉城区", "东侨开发区"]
           }]
  }, {
  "name": "湖北",
  "city": [{
           "name": "武汉市",
           "area": ["江岸区", "武昌区", "江汉区", "硚口区", "武汉经济技术开发区", "蔡甸区", "江夏区", "新洲区", "黄陂区", "汉阳区", "青山区", "洪山区", "汉南区", "东西湖区"]
           }, {
           "name": "黄石市",
           "area": ["黄石港区", "铁山区", "大冶市", "阳新县", "下陆区", "西塞山区", "经济技术开发区"]
           }, {
           "name": "襄阳市",
           "area": ["老河口市", "枣阳市", "宜城市", "南漳县", "保康县", "谷城县", "樊城区", "襄城区", "襄州区"]
           }, {
           "name": "十堰市",
           "area": ["丹江口市", "房县", "竹山县", "竹溪县", "郧县", "郧西县", "茅箭区", "张湾区"]
           }, {
           "name": "荆州市",
           "area": ["江陵县", "洪湖市", "石首市", "松滋市", "监利县", "公安县", "沙市区", "荆州区"]
           }, {
           "name": "宜昌市",
           "area": ["当阳市", "枝江市", "夷陵区", "秭归县", "兴山县", "远安县", "五峰土家族自治县", "长阳土家族自治县", "宜都市", "猇亭区", "点军区", "伍家岗区", "西陵区"]
           }, {
           "name": "孝感市",
           "area": ["汉川市", "云梦县", "大悟县", "孝昌县", "孝南区", "应城市", "安陆市"]
           }, {
           "name": "黄冈市",
           "area": ["红安县", "罗田县", "黄梅县", "英山县", "团风县", "黄州区", "蕲春县", "麻城市", "武穴市", "浠水县"]
           }, {
           "name": "咸宁市",
           "area": ["嘉鱼县", "通山县", "崇阳县", "通城县", "咸安区", "赤壁市"]
           }, {
           "name": "恩施州",
           "area": ["恩施市", "利川市", "建始县", "来凤县", "巴东县", "鹤峰县", "宣恩县", "咸丰县"]
           }, {
           "name": "鄂州市",
           "area": ["梁子湖区", "华容区", "鄂城区"]
           }, {
           "name": "荆门市",
           "area": ["京山县", "钟祥市", "沙洋县", "掇刀区", "东宝区"]
           }, {
           "name": "随州市",
           "area": ["广水市", "曾都区", "随县"]
           }, {
           "name": "潜江市",
           "area": ["园林", "杨市", "周矶", "广华", "泰丰", "竹根滩镇", "高石碑镇", "积玉口镇", "渔洋镇", "王场镇", "熊口镇", "老新镇", "浩口镇", "张金镇", "龙湾镇", "江汉石油管理局", "潜江经济开发区", "西大垸管理区", "运粮湖管理区", "周矶管理区", "后湖管理区", "熊口管理区", "总口管理区", "高场原种场", "浩口原种场"]
           }, {
           "name": "天门市",
           "area": ["侨乡街道开发区", "竟陵街道", "杨林街道", "佛子山镇", "多宝镇", "拖市镇", "张港镇", "蒋场镇", "汪场镇", "渔薪镇", "黄潭镇", "岳口镇", "横林镇", "彭市镇", "麻洋镇", "多祥镇", "干驿镇", "马湾镇", "卢市镇", "小板镇", "九真镇", "皂市镇", "胡市镇", "石河镇", "净潭乡", "蒋湖农场", "白茅湖农场", "沉湖管委会"]
           }, {
           "name": "仙桃市",
           "area": ["郑场镇", "毛嘴镇", "豆河镇", "三伏潭镇", "胡场镇", "长埫口镇", "西流河镇", "沙湖镇", "杨林尾镇", "彭场镇", "张沟镇", "郭河镇", "沔城镇", "通海口镇", "陈场镇", "工业园区", "九合垸原种场", "沙湖原种场", "排湖渔场", "五湖渔场", "赵西垸林场", "刘家垸林场", "畜禽良种场", "城区"]
           }, {
           "name": "神农架林区",
           "area": ["松柏镇", "阳日镇", "木鱼镇", "红坪镇", "新华镇", "宋洛乡", "九湖乡", "下谷坪乡"]
           }]
  }, {
  "name": "湖南",
  "city": [{
           "name": "长沙市",
           "area": ["望城区", "芙蓉区", "岳麓区", "雨花区", "开福区", "天心区", "浏阳市", "长沙县", "宁乡县"]
           }, {
           "name": "株洲市",
           "area": ["醴陵市", "株洲县", "攸县", "茶陵县", "炎陵县", "天元区", "石峰区", "芦淞区", "荷塘区", "云龙示范区"]
           }, {
           "name": "湘潭市",
           "area": ["湘乡市", "湘潭县", "韶山市", "雨湖区", "岳塘区"]
           }, {
           "name": "衡阳市",
           "area": ["常宁市", "衡阳县", "耒阳市", "衡东县", "衡南县", "衡山县", "祁东县", "南岳区", "蒸湘区", "石鼓区", "珠晖区", "雁峰区"]
           }, {
           "name": "邵阳市",
           "area": ["武冈市", "邵东县", "洞口县", "新邵县", "绥宁县", "新宁县", "邵阳县", "隆回县", "城步县", "大祥区", "双清区", "北塔区"]
           }, {
           "name": "岳阳市",
           "area": ["临湘市", "汨罗市", "岳阳县", "湘阴县", "华容县", "平江县", "君山区", "云溪区", "岳阳楼区"]
           }, {
           "name": "常德市",
           "area": ["津市市", "澧县", "临澧县", "桃源县", "汉寿县", "石门县", "安乡县", "鼎城区", "武陵区"]
           }, {
           "name": "张家界市",
           "area": ["慈利县", "桑植县", "武陵源区", "永定区"]
           }, {
           "name": "郴州市",
           "area": ["资兴市", "宜章县", "安仁县", "汝城县", "嘉禾县", "临武县", "桂东县", "永兴县", "桂阳县", "北湖区", "苏仙区"]
           }, {
           "name": "益阳市",
           "area": ["南县", "桃江县", "安化县", "沅江市", "赫山区", "资阳区"]
           }, {
           "name": "永州市",
           "area": ["祁阳县", "双牌县", "道县", "江永县", "江华县", "宁远县", "新田县", "蓝山县", "东安县", "零陵区", "冷水滩区"]
           }, {
           "name": "怀化市",
           "area": ["洪江市", "会同县", "溆浦县", "辰溪县", "靖州县", "通道县", "芷江县", "新晃县", "麻阳县", "沅陵县", "中方县", "鹤城区"]
           }, {
           "name": "娄底市",
           "area": ["冷水江市", "涟源市", "新化县", "双峰县", "娄星区"]
           }, {
           "name": "湘西州",
           "area": ["吉首市", "古丈县", "龙山县", "永顺县", "泸溪县", "凤凰县", "花垣县", "保靖县"]
           }]
  }, {
  "name": "广东",
  "city": [{
           "name": "广州市",
           "area": ["天河区", "海珠区", "荔湾区", "越秀区", "番禺区", "花都区", "白云区", "南沙区", "黄埔区", "增城区", "从化区", "广州大学城"]
           }, {
           "name": "深圳市",
           "area": ["南山区", "罗湖区", "福田区", "宝安区", "光明新区", "坪山新区", "大鹏新区", "龙岗区", "盐田区", "龙华区"]
           }, {
           "name": "珠海市",
           "area": ["斗门区", "金湾区", "香洲区"]
           }, {
           "name": "汕头市",
           "area": ["南澳县", "龙湖区", "金平区", "澄海区", "潮阳区", "潮南区", "濠江区"]
           }, {
           "name": "韶关市",
           "area": ["南雄市", "乐昌市", "仁化县", "始兴县", "翁源县", "新丰县", "乳源瑶族自治县", "曲江区", "武江区", "浈江区"]
           }, {
           "name": "河源市",
           "area": ["和平县", "龙川县", "紫金县", "连平县", "源城区", "东源县"]
           }, {
           "name": "梅州市",
           "area": ["兴宁市", "梅县", "蕉岭县", "大埔县", "丰顺县", "五华县", "平远县", "梅江区"]
           }, {
           "name": "惠州市",
           "area": ["龙门县", "惠阳区", "大亚湾区", "惠城区", "惠东县", "博罗县"]
           }, {
           "name": "汕尾市",
           "area": ["陆河县", "海丰县", "城区", "陆丰市"]
           }, {
           "name": "东莞市",
           "area": ["中堂镇", "东坑镇", "道滘镇", "沙田镇", "高埗镇", "石龙镇", "石排镇", "企石镇", "石碣镇", "洪梅镇", "麻涌镇", "桥头镇", "望牛墩镇", "茶山镇", "谢岗镇", "松山湖", "莞城区", "南城区", "长安镇", "寮步镇", "大岭山镇", "常平镇", "厚街镇", "万江区", "樟木头镇", "大朗镇", "塘厦镇", "凤岗镇", "清溪镇", "横沥镇", "东城区", "黄江镇", "虎门镇"]
           }, {
           "name": "中山市",
           "area": ["南朗镇", "小榄镇", "古镇", "坦洲镇", "黄圃镇", "三乡镇", "东凤镇", "横栏镇", "三角镇", "南头镇", "沙溪镇", "五桂山镇", "阜沙镇", "东升镇", "板芙镇", "神湾镇", "港口镇", "大涌镇", "火炬开发区", "民众镇", "沙朗镇", "城区"]
           }, {
           "name": "江门市",
           "area": ["台山市", "新会区", "鹤山市", "江海区", "蓬江区", "开平市", "恩平市"]
           }, {
           "name": "佛山市",
           "area": ["顺德区", "禅城区", "高明区", "三水区", "南海区"]
           }, {
           "name": "阳江市",
           "area": ["阳春市", "阳西县", "江城区", "阳东县"]
           }, {
           "name": "湛江市",
           "area": ["雷州市", "吴川市", "徐闻县", "坡头区", "赤坎区", "霞山区", "经济技术开发区", "麻章区", "遂溪县", "廉江市"]
           }, {
           "name": "茂名市",
           "area": ["信宜市", "茂南区", "电白区", "高州市", "化州市"]
           }, {
           "name": "肇庆市",
           "area": ["广宁县", "德庆县", "怀集县", "封开县", "鼎湖区", "端州区", "四会市", "高要市"]
           }, {
           "name": "云浮市",
           "area": ["云安县", "新兴县", "郁南县", "云城区", "罗定市"]
           }, {
           "name": "清远市",
           "area": ["连州市", "佛冈县", "阳山县", "清新区", "连山县", "连南县", "清城区", "英德市"]
           }, {
           "name": "潮州市",
           "area": ["饶平县", "枫溪区", "湘桥区", "潮安区"]
           }, {
           "name": "揭阳市",
           "area": ["揭西县", "惠来县", "东山区", "普宁市", "榕城区", "揭东县"]
           }]
  }, {
  "name": "广西",
  "city": [{
           "name": "南宁市",
           "area": ["武鸣区", "邕宁区", "宾阳县", "横县", "上林县", "隆安县", "马山县", "良庆区", "江南区", "兴宁区", "青秀区", "西乡塘区"]
           }, {
           "name": "柳州市",
           "area": ["柳江县", "柳城县", "鹿寨县", "融安县", "三江县", "融水县", "鱼峰区", "城中区", "柳南区", "柳北区"]
           }, {
           "name": "桂林市",
           "area": ["阳朔县", "临桂县", "灵川县", "全州县", "平乐县", "兴安县", "灌阳县", "荔浦县", "资源县", "永福县", "龙胜县", "恭城县", "象山区", "雁山区", "秀峰区", "叠彩区", "七星区"]
           }, {
           "name": "梧州市",
           "area": ["岑溪市", "苍梧县", "藤县", "蒙山县", "万秀区", "蝶山区", "长洲区", "龙圩区"]
           }, {
           "name": "北海市",
           "area": ["合浦县", "铁山港区", "海城区", "银海区"]
           }, {
           "name": "防城港市",
           "area": ["东兴市", "上思县", "防城区", "港口区"]
           }, {
           "name": "钦州市",
           "area": ["浦北县", "灵山县", "钦北区", "钦南区"]
           }, {
           "name": "贵港市",
           "area": ["桂平市", "平南县", "覃塘区", "港南区", "港北区"]
           }, {
           "name": "玉林市",
           "area": ["北流市", "容县", "博白县", "陆川县", "兴业县", "玉州区", "福绵区"]
           }, {
           "name": "贺州市",
           "area": ["钟山县", "昭平县", "富川县", "平桂管理区", "八步区"]
           }, {
           "name": "百色市",
           "area": ["右江区", "平果县", "乐业县", "田阳县", "西林县", "田林县", "德保县", "靖西县", "田东县", "那坡县", "隆林县", "凌云县"]
           }, {
           "name": "河池市",
           "area": ["宜州市", "天峨县", "凤山县", "南丹县", "东兰县", "巴马县", "环江县", "罗城县", "大化县", "都安县", "金城江区"]
           }, {
           "name": "来宾市",
           "area": ["兴宾区", "合山市", "忻城县", "武宣县", "象州县", "金秀县"]
           }, {
           "name": "崇左市",
           "area": ["江州区", "凭祥市", "扶绥县", "大新县", "天等县", "宁明县", "龙州县"]
           }]
  }, {
  "name": "江西",
  "city": [{
           "name": "南昌市",
           "area": ["南昌县", "进贤县", "安义县", "新建县", "湾里区", "青云谱区", "西湖区", "东湖区", "高新区", "昌北区", "青山湖区", "红谷滩新区"]
           }, {
           "name": "景德镇市",
           "area": ["乐平市", "浮梁县", "珠山区", "昌江区"]
           }, {
           "name": "萍乡市",
           "area": ["湘东区", "莲花县", "上栗县", "芦溪县", "安源区"]
           }, {
           "name": "新余市",
           "area": ["分宜县", "渝水区"]
           }, {
           "name": "九江市",
           "area": ["柴桑区", "瑞昌市", "庐山市", "武宁县", "彭泽县", "永修县", "修水县", "湖口县", "德安县", "都昌县", "共青城市", "经济技术开发区", "八里湖新区", "庐山风景名胜区", "濂溪区", "浔阳区"]
           }, {
           "name": "鹰潭市",
           "area": ["余江县", "贵溪市", "月湖区", "龙虎山风景旅游区"]
           }, {
           "name": "上饶市",
           "area": ["德兴市", "广丰县", "鄱阳县", "婺源县", "余干县", "横峰县", "弋阳县", "铅山县", "玉山县", "万年县", "信州区", "上饶县"]
           }, {
           "name": "宜春市",
           "area": ["丰城市", "樟树市", "高安市", "铜鼓县", "靖安县", "宜丰县", "奉新县", "万载县", "上高县", "袁州区"]
           }, {
           "name": "抚州市",
           "area": ["南丰县", "乐安县", "金溪县", "南城县", "东乡县", "资溪县", "宜黄县", "崇仁县", "黎川县", "广昌县", "临川区"]
           }, {
           "name": "吉安市",
           "area": ["井冈山市", "吉安县", "永丰县", "永新县", "新干县", "泰和县", "峡江县", "遂川县", "安福县", "吉水县", "万安县", "青原区", "吉州区"]
           }, {
           "name": "赣州市",
           "area": ["南康市", "瑞金市", "石城县", "安远县", "赣县", "宁都县", "寻乌县", "兴国县", "定南县", "上犹县", "于都县", "龙南县", "崇义县", "大余县", "信丰县", "全南县", "会昌县", "章贡区"]
           }]
  }, {
  "name": "四川",
  "city": [{
           "name": "成都市",
           "area": ["高新西区", "新都区", "温江区", "龙泉驿区", "青白江区", "彭州市", "崇州市", "邛崃市", "都江堰市", "郫都区", "新津县", "双流区", "大邑县", "蒲江县", "金堂县", "青羊区", "锦江区", "金牛区", "武侯区", "成华区", "高新区", "简阳市"]
           }, {
           "name": "自贡市",
           "area": ["荣县", "富顺县", "自流井区", "沿滩区", "大安区", "贡井区"]
           }, {
           "name": "攀枝花市",
           "area": ["米易县", "盐边县", "仁和区", "西区", "东区"]
           }, {
           "name": "泸州市",
           "area": ["泸县", "合江县", "叙永县", "古蔺县", "纳溪区", "江阳区", "龙马潭区"]
           }, {
           "name": "绵阳市",
           "area": ["盐亭县", "三台县", "平武县", "北川县", "安州区", "梓潼县", "江油市", "涪城区", "游仙区", "高新区", "经开区"]
           }, {
           "name": "德阳市",
           "area": ["罗江县", "中江县", "广汉市", "什邡市", "旌阳区", "绵竹市"]
           }, {
           "name": "广元市",
           "area": ["青川县", "旺苍县", "剑阁县", "苍溪县", "昭化区", "朝天区", "利州区"]
           }, {
           "name": "遂宁市",
           "area": ["射洪县", "蓬溪县", "大英县", "安居区", "船山区"]
           }, {
           "name": "内江市",
           "area": ["资中县", "隆昌县", "威远县", "市中区", "东兴区"]
           }, {
           "name": "乐山市",
           "area": ["五通桥区", "沙湾区", "金口河区", "夹江县", "井研县", "犍为县", "沐川县", "峨边县", "马边县", "市中区", "峨眉山市"]
           }, {
           "name": "宜宾市",
           "area": ["宜宾县", "南溪区", "江安县", "长宁县", "兴文县", "珙县", "高县", "屏山县", "筠连县", "翠屏区"]
           }, {
           "name": "广安市",
           "area": ["岳池县", "武胜县", "邻水县", "广安区", "华蓥市", "前锋区"]
           }, {
           "name": "南充市",
           "area": ["仪陇县", "蓬安县", "营山县", "南部县", "顺庆区", "高坪区", "嘉陵区", "西充县", "阆中市"]
           }, {
           "name": "达州市",
           "area": ["通川区", "达川区", "大竹县", "渠县", "万源市", "宣汉县", "开江县"]
           }, {
           "name": "巴中市",
           "area": ["南江县", "平昌县", "通江县", "巴州区", "恩阳区"]
           }, {
           "name": "雅安市",
           "area": ["芦山县", "石棉县", "名山区", "天全县", "荥经县", "汉源县", "宝兴县", "雨城区"]
           }, {
           "name": "眉山市",
           "area": ["仁寿县", "彭山区", "洪雅县", "丹棱县", "青神县", "东坡区"]
           }, {
           "name": "资阳市",
           "area": ["安岳县", "乐至县", "雁江区", "简阳市"]
           }, {
           "name": "阿坝州",
           "area": ["马尔康市", "九寨沟县", "红原县", "阿坝县", "理县", "若尔盖县", "金川县", "小金县", "黑水县", "松潘县", "壤塘县", "茂县", "汶川县"]
           }, {
           "name": "甘孜州",
           "area": ["康定市", "泸定县", "九龙县", "丹巴县", "道孚县", "炉霍县", "色达县", "甘孜县", "新龙县", "白玉县", "德格县", "石渠县", "雅江县", "理塘县", "巴塘县", "稻城县", "乡城县", "得荣县"]
           }, {
           "name": "凉山州",
           "area": ["美姑县", "昭觉县", "会理县", "会东县", "普格县", "宁南县", "德昌县", "冕宁县", "盐源县", "金阳县", "布拖县", "雷波县", "越西县", "喜德县", "甘洛县", "木里县", "西昌市"]
           }]
  }, {
  "name": "海南",
  "city": [{
           "name": "海口市",
           "area": ["秀英区", "龙华区", "琼山区", "美兰区"]
           }, {
           "name": "儋州市",
           "area": ["那大镇", "和庆镇", "南丰镇", "大成镇", "雅星镇", "兰洋镇", "光村镇", "木棠镇", "海头镇", "峨蔓镇", "三都镇", "王五镇", "白马井镇", "中和镇", "排浦镇", "东成镇", "新州镇", "洋浦经济开发区", "富克镇", "西培农场", "西联农场", "蓝洋农场", "八一农场", "西华农场", "西庆农场", "西流农场", "新盈农场", "龙山农场", "红岭农场", "热作学院"]
           }, {
           "name": "琼海市",
           "area": ["嘉积镇", "万泉镇", "石壁镇", "中原镇", "博鳌镇", "阳江镇", "龙江镇", "潭门镇", "塔洋镇", "长坡镇", "大路镇", "会山镇", "彬村山华侨农场", "东太农场", "东红农场", "东升农场", "南俸农场"]
           }, {
           "name": "万宁市",
           "area": ["万城镇", "龙滚镇", "和乐镇", "后安镇", "大茂镇", "东澳镇", "礼纪镇", "长丰镇", "山根镇", "北大镇", "南桥镇", "三更罗镇", "六连林场", "东兴农场", "东和农场", "新中农场", "兴隆华侨农场", "兴隆镇", "南林农场"]
           }, {
           "name": "东方市",
           "area": ["八所镇", "东河镇", "大田镇", "感城镇", "板桥镇", "三家镇", "四更镇", "新龙镇", "天安乡", "江边乡", "广坝农场", "东方华侨农场"]
           }, {
           "name": "三亚市",
           "area": ["海棠区", "吉阳区", "天涯区", "崖州区"]
           }, {
           "name": "文昌市",
           "area": ["文城镇", "重兴镇", "蓬莱镇", "会文镇", "东路镇", "潭牛镇", "东阁镇", "文教镇", "东郊镇", "龙楼镇", "昌洒镇", "翁田镇", "抱罗镇", "冯坡镇", "锦山镇", "铺前镇", "公坡镇", "迈号镇", "清谰镇", "南阳镇", "新桥镇", "头苑镇", "宝芳乡", "龙马乡", "湖山乡", "东路农场", "南阳农场", "罗豆农场", "橡胶研究所"]
           }, {
           "name": "五指山市",
           "area": ["通什镇", "南圣镇", "毛阳镇", "番阳镇", "畅好乡", "毛道乡", "水满乡", "畅好农场"]
           }, {
           "name": "临高县",
           "area": ["临城镇", "波莲镇", "东英镇", "博厚镇", "皇桐镇", "多文镇", "和舍镇", "南宝镇", "新盈镇", "调楼镇", "加来镇", "红华农场", "加来农场", "城区"]
           }, {
           "name": "澄迈县",
           "area": ["金江镇", "老城镇", "瑞溪镇", "永发镇", "加乐镇", "文儒镇", "中兴镇", "仁兴镇", "福山镇", "桥头镇", "大丰镇", "红光农场", "西达农场", "金安农场", "城区"]
           }, {
           "name": "定安县",
           "area": ["定城镇", "新竹镇", "龙湖镇", "雷鸣镇", "龙门镇", "龙河镇", "岭口镇", "翰林镇", "富文镇", "黄竹镇", "金鸡岭农场", "中瑞农场", "南海农场", "城区"]
           }, {
           "name": "屯昌县",
           "area": ["屯城镇", "新兴镇", "枫木镇", "乌坡镇", "南吕镇", "南坤镇", "坡心镇", "西昌镇", "中建农场", "中坤农场", "县城内"]
           }, {
           "name": "昌江县",
           "area": ["石碌镇", "叉河镇", "十月田镇", "乌烈镇", "昌化镇", "海尾镇", "七叉镇", "王下乡", "海南矿业公司", "霸王岭林场", "红林农场", "城区"]
           }, {
           "name": "白沙县",
           "area": ["牙叉镇", "七坊镇", "邦溪镇", "打安镇", "细水乡", "元门乡", "南开乡", "阜龙乡", "青松乡", "金波乡", "荣邦乡", "白沙农场", "龙江农场", "邦溪农场", "城区"]
           }, {
           "name": "琼中县",
           "area": ["营根镇", "湾岭镇", "黎母山镇", "和平镇", "长征镇", "红毛镇", "中平镇", "上安乡", "什运乡", "吊罗山乡", "黎母山林业公司", "阳江农场", "乌石农场", "加钗农场", "长征农场", "城区"]
           }, {
           "name": "陵水县",
           "area": ["椰林镇", "光坡镇", "三才镇", "英州镇", "隆广镇", "文罗镇", "本号镇", "新村镇", "黎安镇", "提蒙乡", "群英乡", "吊罗山林业公司", "岭门农场", "南平农场", "城区", "东华镇", "南平镇"]
           }, {
           "name": "保亭县",
           "area": ["保城镇", "什玲镇", "加茂镇", "响水镇", "新政镇", "三道镇", "六弓乡", "南林乡", "毛感乡", "保亭研究所", "新星农场", "金江农场", "三道农场"]
           }, {
           "name": "乐东县",
           "area": ["抱由镇", "万冲镇", "大安镇", "志仲镇", "千家镇", "九所镇", "利国镇", "黄流镇", "佛罗镇", "尖峰镇", "莺歌海镇", "尖峰岭林业公司", "莺歌海盐场", "山荣农场", "乐光农场", "保国农场", "城区"]
           }, {
           "name": "三沙市",
           "area": ["西沙群岛", "南沙群岛", "中沙群岛"]
           }]
  }, {
  "name": "贵州",
  "city": [{
           "name": "贵阳市",
           "area": ["清镇市", "开阳县", "修文县", "息烽县", "乌当区", "南明区", "白云区", "云岩区", "花溪区", "小河区", "观山湖区"]
           }, {
           "name": "六盘水市",
           "area": ["盘县", "六枝特区", "水城县", "钟山区"]
           }, {
           "name": "遵义市",
           "area": ["赤水市", "仁怀市", "播州区", "桐梓县", "绥阳县", "习水县", "凤冈县", "正安县", "湄潭县", "余庆县", "道真县", "务川县", "红花岗区", "汇川区"]
           }, {
           "name": "铜仁市",
           "area": ["碧江区", "德江县", "江口县", "思南县", "万山区", "石阡县", "玉屏侗族自治县", "松桃苗族自治县", "印江土家族苗族自治县", "沿河土家族自治县"]
           }, {
           "name": "毕节市",
           "area": ["黔西县", "大方县", "织金县", "金沙县", "赫章县", "纳雍县", "威宁彝族回族苗族自治县", "七星关区"]
           }, {
           "name": "安顺市",
           "area": ["西秀区", "普定县", "平坝区", "镇宁布依族苗族自治县", "关岭布依族苗族自治县", "紫云苗族布依族自治县"]
           }, {
           "name": "黔西南州",
           "area": ["兴义市", "望谟县", "兴仁县", "普安县", "册亨县", "晴隆县", "贞丰县", "安龙县"]
           }, {
           "name": "黔东南州",
           "area": ["凯里市", "施秉县", "从江县", "锦屏县", "镇远县", "麻江县", "台江县", "天柱县", "黄平县", "榕江县", "剑河县", "三穗县", "雷山县", "黎平县", "岑巩县", "丹寨县"]
           }, {
           "name": "黔南州",
           "area": ["都匀市", "福泉市", "贵定县", "惠水县", "罗甸县", "瓮安县", "荔波县", "龙里县", "平塘县", "长顺县", "独山县", "三都县"]
           }]
  }, {
  "name": "云南",
  "city": [{
           "name": "昆明市",
           "area": ["东川区", "安宁市", "富民县", "嵩明县", "晋宁区", "宜良县", "禄劝县", "石林县", "寻甸县", "盘龙区", "五华区", "官渡区", "西山区", "呈贡区"]
           }, {
           "name": "曲靖市",
           "area": ["马龙县", "宣威市", "富源县", "会泽县", "陆良县", "师宗县", "罗平县", "沾益区", "麒麟区"]
           }, {
           "name": "玉溪市",
           "area": ["红塔区", "华宁县", "澄江县", "易门县", "通海县", "江川区", "元江县", "新平县", "峨山县"]
           }, {
           "name": "昭通市",
           "area": ["昭阳区", "镇雄县", "永善县", "大关县", "盐津县", "彝良县", "水富县", "巧家县", "威信县", "鲁甸县", "绥江县"]
           }, {
           "name": "普洱市",
           "area": ["思茅区", "宁洱县", "景东县", "镇沅县", "景谷县", "墨江县", "澜沧县", "西盟县", "江城县", "孟连县"]
           }, {
           "name": "临沧市",
           "area": ["临翔区", "镇康县", "凤庆县", "云县", "永德县", "耿马县", "双江县", "沧源县"]
           }, {
           "name": "保山市",
           "area": ["隆阳区", "施甸县", "昌宁县", "龙陵县", "腾冲市"]
           }, {
           "name": "丽江市",
           "area": ["玉龙县", "华坪县", "永胜县", "宁蒗县", "古城区"]
           }, {
           "name": "文山州",
           "area": ["文山市", "麻栗坡县", "砚山县", "广南县", "马关县", "富宁县", "西畴县", "丘北县"]
           }, {
           "name": "红河州",
           "area": ["个旧市", "开远市", "弥勒市", "红河县", "绿春县", "蒙自市", "泸西县", "建水县", "元阳县", "石屏县", "金平县", "屏边县", "河口县"]
           }, {
           "name": "西双版纳州",
           "area": ["景洪市", "勐海县", "勐腊县"]
           }, {
           "name": "楚雄州",
           "area": ["元谋县", "南华县", "牟定县", "武定县", "大姚县", "双柏县", "禄丰县", "永仁县", "姚安县", "楚雄市"]
           }, {
           "name": "大理州",
           "area": ["剑川县", "弥渡县", "云龙县", "洱源县", "鹤庆县", "宾川县", "祥云县", "永平县", "巍山县", "漾濞县", "南涧县", "大理市"]
           }, {
           "name": "德宏州",
           "area": ["芒市", "瑞丽市", "盈江县", "梁河县", "陇川县"]
           }, {
           "name": "怒江州",
           "area": ["泸水市", "福贡县", "兰坪县", "贡山县"]
           }, {
           "name": "迪庆州",
           "area": ["香格里拉市", "德钦县", "维西县"]
           }]
  }, {
  "name": "西藏",
  "city": [{
           "name": "拉萨市",
           "area": ["城关区", "林周县", "当雄县", "尼木县", "曲水县", "堆龙德庆区", "达孜县", "墨竹工卡县"]
           }, {
           "name": "那曲地区",
           "area": ["索县", "那曲县", "嘉黎县", "比如县", "聂荣县", "安多县", "申扎县", "班戈县", "巴青县", "尼玛县", "双湖县"]
           }, {
           "name": "山南地区",
           "area": ["贡嘎县", "扎囊县", "乃东区", "桑日县", "琼结县", "曲松县", "措美县", "洛扎县", "加查县", "隆子县", "错那县", "浪卡子县"]
           }, {
           "name": "昌都地区",
           "area": ["卡若区", "江达县", "贡觉县", "类乌齐县", "丁青县", "察雅县", "八宿县", "左贡县", "芒康县", "洛隆县", "边坝县"]
           }, {
           "name": "日喀则地区",
           "area": ["聂拉木县", "昂仁县", "桑珠孜区", "南木林县", "江孜县", "定日县", "萨迦县　", "拉孜县", "谢通门县", "白朗县", "仁布县", "康马县", "定结县", "仲巴县", "亚东县", "吉隆县", "萨嘎县", "岗巴县"]
           }, {
           "name": "阿里地区",
           "area": ["噶尔县", "普兰县", "札达县　", "日土县", "革吉县", "改则县", "措勤县"]
           }, {
           "name": "林芝市",
           "area": ["巴宜区", "工布江达县", "米林县", "墨脱县", "波密县", "察隅县", "朗县"]
           }]
  }, {
  "name": "陕西",
  "city": [{
           "name": "西安市",
           "area": ["高陵区", "蓝田县", "鄠邑区", "周至县", "雁塔区", "未央区", "长安区", "灞桥区", "碑林区", "莲湖区", "临潼区", "阎良区", "新城区", "西安武警工程学院"]
           }, {
           "name": "铜川市",
           "area": ["印台区", "宜君县", "王益区", "耀州区"]
           }, {
           "name": "宝鸡市",
           "area": ["岐山县", "太白县", "凤翔县", "陇县", "麟游县", "千阳县", "扶风县", "凤县", "眉县", "渭滨区", "金台区", "陈仓区"]
           }, {
           "name": "咸阳市",
           "area": ["兴平市", "礼泉县", "泾阳县", "永寿县", "三原县", "彬县", "旬邑县", "长武县", "乾县", "武功县", "淳化县", "秦都区", "渭城区", "杨陵区"]
           }, {
           "name": "渭南市",
           "area": ["韩城市", "华阴市", "蒲城县", "华县", "潼关县", "大荔县", "澄城县", "合阳县", "白水县", "富平县", "临渭区"]
           }, {
           "name": "延安市",
           "area": ["安塞县", "洛川县", "子长县", "黄陵县", "延长县", "宜川县", "延川县", "甘泉县", "富县", "志丹县", "黄龙县", "吴起县", "宝塔区"]
           }, {
           "name": "汉中市",
           "area": ["南郑县", "城固县", "洋县", "佛坪县", "留坝县", "镇巴县", "西乡县", "勉县", "略阳县", "宁强县", "汉台区", "经济开发区南区"]
           }, {
           "name": "榆林市",
           "area": ["清涧县", "绥德县", "佳县", "神木市", "府谷县", "子洲县", "横山县", "米脂县", "吴堡县", "定边县", "靖边县", "榆阳区"]
           }, {
           "name": "商洛市",
           "area": ["商州区", "镇安县", "山阳县", "洛南县", "商南县", "丹凤县", "柞水县"]
           }, {
           "name": "安康市",
           "area": ["紫阳县", "岚皋县", "旬阳县", "镇坪县", "平利县", "宁陕县", "汉阴县", "石泉县", "白河县", "汉滨区"]
           }]
  }, {
  "name": "甘肃",
  "city": [{
           "name": "兰州市",
           "area": ["永登县", "榆中县", "皋兰县", "西固区", "红古区", "七里河区", "安宁区", "城关区"]
           }, {
           "name": "金昌市",
           "area": ["永昌县", "金川区"]
           }, {
           "name": "白银市",
           "area": ["白银区", "平川区", "靖远县", "景泰县", "会宁县"]
           }, {
           "name": "天水市",
           "area": ["甘谷县", "武山县", "清水县", "秦安县", "张家川县", "麦积区", "秦州区"]
           }, {
           "name": "嘉峪关市",
           "area": ["雄关区", "长城区", "镜铁区"]
           }, {
           "name": "平凉市",
           "area": ["华亭县", "崇信县", "泾川县", "灵台县", "庄浪县", "崆峒区", "静宁县"]
           }, {
           "name": "庆阳市",
           "area": ["西峰区", "镇原县", "合水县", "华池县", "环县", "宁县", "正宁县", "庆城县"]
           }, {
           "name": "陇南市",
           "area": ["成县", "礼县", "康县", "武都区", "文县", "两当县", "徽县", "宕昌县", "西和县"]
           }, {
           "name": "武威市",
           "area": ["凉州区", "古浪县", "天祝县", "民勤县"]
           }, {
           "name": "张掖市",
           "area": ["甘州区", "山丹县", "临泽县", "高台县", "肃南县", "民乐县"]
           }, {
           "name": "酒泉市",
           "area": ["玉门市", "敦煌市", "金塔县", "阿克塞县", "肃北县", "瓜州县", "肃州区"]
           }, {
           "name": "甘南州",
           "area": ["合作市", "夏河县", "碌曲县", "舟曲县", "玛曲县", "迭部县", "临潭县", "卓尼县"]
           }, {
           "name": "临夏州",
           "area": ["临夏县", "康乐县", "永靖县", "和政县", "东乡族自治县", "积石山县", "临夏市", "广河县"]
           }, {
           "name": "定西市",
           "area": ["岷县", "安定区", "通渭县", "临洮县", "漳县", "渭源县", "陇西县"]
           }]
  }, {
  "name": "青海",
  "city": [{
           "name": "西宁市",
           "area": ["湟中县", "湟源县", "大通县", "城中区", "城东区", "城西区", "城北区"]
           }, {
           "name": "海东地区",
           "area": ["平安县", "乐都县", "民和县", "互助县", "化隆县", "循化县"]
           }, {
           "name": "海北州",
           "area": ["海晏县", "祁连县", "刚察县", "门源县"]
           }, {
           "name": "黄南州",
           "area": ["尖扎县", "同仁县", "泽库县", "河南县"]
           }, {
           "name": "海南州",
           "area": ["共和县", "同德县", "贵德县", "兴海县", "贵南县"]
           }, {
           "name": "果洛州",
           "area": ["玛沁县", "甘德县", "达日县", "班玛县", "久治县", "玛多县"]
           }, {
           "name": "玉树州",
           "area": ["玉树县", "称多县", "囊谦县", "杂多县", "治多县", "曲麻莱县"]
           }, {
           "name": "海西州",
           "area": ["德令哈市", "乌兰县", "天峻县", "都兰县", "大柴旦行委", "冷湖行委", "茫崖行委", "格尔木市"]
           }]
  }, {
  "name": "宁夏",
  "city": [{
           "name": "银川市",
           "area": ["灵武市", "永宁县", "贺兰县", "兴庆区", "金凤区", "西夏区"]
           }, {
           "name": "石嘴山市",
           "area": ["平罗县", "惠农区", "大武口区"]
           }, {
           "name": "吴忠市",
           "area": ["青铜峡市", "同心县", "盐池县", "红寺堡开发区", "利通区"]
           }, {
           "name": "固原市",
           "area": ["西吉县", "隆德县", "泾源县", "彭阳县", "原州区"]
           }, {
           "name": "中卫市",
           "area": ["中宁县", "海原县", "沙坡头区"]
           }]
  }, {
  "name": "新疆",
  "city": [{
           "name": "乌鲁木齐市",
           "area": ["乌鲁木齐县", "头屯河区", "达坂城区", "米东区", "天山区", "新市区", "沙依巴克区", "水磨沟区"]
           }, {
           "name": "克拉玛依市",
           "area": ["克拉玛依区", "独山子区", "白碱滩区", "乌尔禾区"]
           }, {
           "name": "石河子市",
           "area": ["石河子市"]
           }, {
           "name": "吐鲁番地区",
           "area": ["吐鲁番市", "托克逊县", "鄯善县"]
           }, {
           "name": "哈密地区",
           "area": ["哈密市", "巴里坤县", "伊吾县"]
           }, {
           "name": "和田地区",
           "area": ["和田市", "墨玉县", "洛浦县", "策勒县", "于田县", "民丰县", "皮山县", "和田县"]
           }, {
           "name": "阿克苏地区",
           "area": ["阿克苏市", "温宿县", "沙雅县", "拜城县", "阿瓦提县", "库车县", "柯坪县", "新和县", "乌什县"]
           }, {
           "name": "喀什地区",
           "area": ["喀什市", "巴楚县", "泽普县", "伽师县", "叶城县", "岳普湖县", "疏附县", "疏勒县", "英吉沙县", "麦盖提县", "莎车县", "塔什库尔干县"]
           }, {
           "name": "克孜勒苏柯尔克孜自治州",
           "area": ["阿图什市", "阿合奇县", "乌恰县", "阿克陶县"]
           }, {
           "name": "巴音郭楞州",
           "area": ["库尔勒市", "尉犁县", "和静县", "博湖县", "和硕县", "轮台县", "若羌县", "且末县", "焉耆县"]
           }, {
           "name": "昌吉州",
           "area": ["昌吉市", "阜康市", "奇台县", "玛纳斯县", "吉木萨尔县", "呼图壁县", "木垒县"]
           }, {
           "name": "博尔塔拉州",
           "area": ["博乐市", "精河县", "温泉县", "阿拉山口市"]
           }, {
           "name": "伊犁州",
           "area": ["伊宁市", "特克斯县", "尼勒克县", "昭苏县", "新源县", "霍城县", "察布查尔县", "巩留县", "奎屯市", "伊宁县", "霍尔果斯市"]
           }, {
           "name": "塔城地区",
           "area": ["塔城市", "乌苏市", "额敏县", "裕民县", "沙湾县", "托里县", "和布克赛尔县"]
           }, {
           "name": "阿勒泰地区",
           "area": ["阿勒泰市", "富蕴县", "青河县", "吉木乃县", "布尔津县", "福海县", "哈巴河县", "北屯市"]
           }, {
           "name": "五家渠市",
           "area": ["五家渠市"]
           }, {
           "name": "阿拉尔市",
           "area": ["阿拉尔市"]
           }, {
           "name": "图木舒克市",
           "area": ["图木舒克市"]
           }, {
           "name": "铁门关市",
           "area": ["铁门关市"]
           }, {
           "name": "昆玉市",
           "area": ["昆玉市"]
           }]
  }, {
  "name": "台湾",
  "city": [{
           "name": "台湾",
           "area": ["彰化", "嘉义", "新竹", "花莲", "宜兰", "高雄", "基隆", "金门", "连江", "苗栗", "南投", "澎湖", "屏东", "台东", "台中", "台南", "台北", "桃园", "云林", "新北"]
           }]
  }, {
  "name": "钓鱼岛",
  "city": [{
           "name": "钓鱼岛",
           "area": ["钓鱼岛县", "钓鱼岛县1", "钓鱼岛全区"]
           }]
  }, {
  "name": "港澳",
  "city": [{
           "name": "香港特别行政区",
           "area": ["中西区", "东区", "九龙城区", "观塘区", "深水埗区", "湾仔区", "黄大仙区", "油尖旺区", "离岛区", "葵青区", "北区", "西贡区", "沙田区", "屯门区", "大埔区", "荃湾区", "元朗区", "香港", "九龙", "新界"]
           }, {
           "name": "澳门特别行政区",
           "area": ["澳门特别行政区", "澳门半岛", "凼仔", "路凼城", "路环"]
           }]
  }]
